Workbook

Sheet Inventory Master
A1: INVENTORY MANAGEMENT SYSTEM — Kazi Supplies Ltd | FY 2024
A2: Data Entry Clerk: Viena Ouma | Updated: March 2026 | All prices in KES
A3: Item ID | B3: Product Name | C3: Category | D3: Supplier | E3: Unit Price (KES) | F3: Units In Stock | G3: Reorder Level | H3: Units On Order | I3: Stock Value (KES) | J3: Status | K3: Last Restocked | L3: Expiry Date | M3: Notes
A4: INV-001 | B4: A4 Printing Paper (500 sheets) | C4: Stationery | D4: OfficePro Ltd | E4: 850 | F4: 120 | G4: 30 | H4: 0 | I4: =E4*F4 -> 102000 | J4: =IF(F4=0,"⚠ Out of Stock",IF(F4<=G4,"🔶 Low Stock","✔ OK")) -> ✔ OK | K4: 2024-01-10 | L4: 2026-12-31 | M4: Fast moving item
A5: INV-002 | B5: Ballpoint Pens (Box of 50) | C5: Stationery | D5: OfficePro Ltd | E5: 650 | F5: 45 | G5: 20 | H5: 50 | I5: =E5*F5 -> 29250 | J5: =IF(F5=0,"⚠ Out of Stock",IF(F5<=G5,"🔶 Low Stock","✔ OK")) -> ✔ OK | K5: 2024-01-10 | L5: 2027-06-30 | M5: Blue ink only
A6: INV-003 | B6: Stapler Heavy Duty | C6: Stationery | D6: Bestline Supplies | E6: 1200 | F6: 18 | G6: 10 | H6: 0 | I6: =E6*F6 -> 21600 | J6: =IF(F6=0,"⚠ Out of Stock",IF(F6<=G6,"🔶 Low Stock","✔ OK")) -> ✔ OK | K6: 2024-02-05 | L6: N/A
A7: INV-004 | B7: Whiteboard Markers (Pack 12) | C7: Stationery | D7: Bestline Supplies | E7: 480 | F7: 60 | G7: 25 | H7: 0 | I7: =E7*F7 -> 28800 | J7: =IF(F7=0,"⚠ Out of Stock",IF(F7<=G7,"🔶 Low Stock","✔ OK")) -> ✔ OK | K7: 2024-02-05 | L7: 2025-12-31 | M7: Assorted colours
A8: INV-005 | B8: Laptop Dell Inspiron 15 | C8: Electronics | D8: TechHub Kenya | E8: 95000 | F8: 8 | G8: 3 | H8: 5 | I8: =E8*F8 -> 760000 | J8: =IF(F8=0,"⚠ Out of Stock",IF(F8<=G8,"🔶 Low Stock","✔ OK")) -> ✔ OK | K8: 2024-03-01 | L8: N/A | M8: Core i5, 8GB RAM
A9: INV-006 | B9: Wireless Mouse Logitech | C9: Electronics | D9: TechHub Kenya | E9: 2200 | F9: 35 | G9: 10 | H9: 0 | I9: =E9*F9 -> 77000 | J9: =IF(F9=0,"⚠ Out of Stock",IF(F9<=G9,"🔶 Low Stock","✔ OK")) -> ✔ OK | K9: 2024-03-01 | L9: N/A
A10: INV-007 | B10: USB Hub 4-Port | C10: Electronics | D10: TechHub Kenya | E10: 1500 | F10: 22 | G10: 10 | H10: 0 | I10: =E10*F10 -> 33000 | J10: =IF(F10=0,"⚠ Out of Stock",IF(F10<=G10,"🔶 Low Stock","✔ OK")) -> ✔ OK | K10: 2024-03-15 | L10: N/A
A11: INV-008 | B11: HDMI Cable 2m | C11: Electronics | D11: NetConnect Ltd | E11: 850 | F11: 40 | G11: 15 | H11: 0 | I11: =E11*F11 -> 34000 | J11: =IF(F11=0,"⚠ Out of Stock",IF(F11<=G11,"🔶 Low Stock","✔ OK")) -> ✔ OK | K11: 2024-03-15 | L11: N/A
A12: INV-009 | B12: Office Chair Ergonomic | C12: Furniture | D12: FurnishPro | E12: 28000 | F12: 12 | G12: 4 | H12: 0 | I12: =E12*F12 -> 336000 | J12: =IF(F12=0,"⚠ Out of Stock",IF(F12<=G12,"🔶 Low Stock","✔ OK")) -> ✔ OK | K12: 2024-04-02 | L12: N/A | M12: Black mesh
A13: INV-010 | B13: Standing Desk Adjustable | C13: Furniture | D13: FurnishPro | E13: 45000 | F13: 6 | G13: 2 | H13: 4 | I13: =E13*F13 -> 270000 | J13: =IF(F13=0,"⚠ Out of Stock",IF(F13<=G13,"🔶 Low Stock","✔ OK")) -> ✔ OK | K13: 2024-04-02 | L13: N/A
A14: INV-011 | B14: Filing Cabinet 4-Drawer | C14: Furniture | D14: FurnishPro | E14: 18500 | F14: 9 | G14: 3 | H14: 0 | I14: =E14*F14 -> 166500 | J14: =IF(F14=0,"⚠ Out of Stock",IF(F14<=G14,"🔶 Low Stock","✔ OK")) -> ✔ OK | K14: 2024-04-10 | L14: N/A | M14: Metal, grey
A15: INV-012 | B15: Whiteboard 120x90cm | C15: Furniture | D15: Bestline Supplies | E15: 6500 | F15: 10 | G15: 3 | H15: 0 | I15: =E15*F15 -> 65000 | J15: =IF(F15=0,"⚠ Out of Stock",IF(F15<=G15,"🔶 Low Stock","✔ OK")) -> ✔ OK | K15: 2024-05-01 | L15: N/A | M15: Magnetic
A16: INV-013 | B16: Hand Sanitiser 5L | C16: Hygiene | D16: CleanCo Kenya | E16: 1800 | F16: 25 | G16: 15 | H16: 0 | I16: =E16*F16 -> 45000 | J16: =IF(F16=0,"⚠ Out of Stock",IF(F16<=G16,"🔶 Low Stock","✔ OK")) -> ✔ OK | K16: 2024-05-15 | L16: 2025-05-14 | M16: Check expiry
A17: INV-014 | B17: Disinfectant Spray 750ml | C17: Hygiene | D17: CleanCo Kenya | E17: 450 | F17: 80 | G17: 30 | H17: 0 | I17: =E17*F17 -> 36000 | J17: =IF(F17=0,"⚠ Out of Stock",IF(F17<=G17,"🔶 Low Stock","✔ OK")) -> ✔ OK | K17: 2024-05-15 | L17: 2025-08-31
A18: INV-015 | B18: Face Masks (Box 50) | C18: Hygiene | D18: MedSupply Africa | E18: 1200 | F18: 15 | G18: 20 | H18: 50 | I18: =E18*F18 -> 18000 | J18: =IF(F18=0,"⚠ Out of Stock",IF(F18<=G18,"🔶 Low Stock","✔ OK")) -> 🔶 Low Stock | K18: 2024-06-01 | L18: 2026-01-31 | M18: 3-ply surgical
A19: INV-016 | B19: Printer HP LaserJet | C19: Electronics | D19: TechHub Kenya | E19: 38000 | F19: 4 | G19: 2 | H19: 0 | I19: =E19*F19 -> 152000 | J19: =IF(F19=0,"⚠ Out of Stock",IF(F19<=G19,"🔶 Low Stock","✔ OK")) -> ✔ OK | K19: 2024-06-10 | L19: N/A | M19: Network-ready
A20: INV-017 | B20: Printer Toner HP Black | C20: Electronics | D20: TechHub Kenya | E20: 4500 | F20: 7 | G20: 5 | H20: 10 | I20: =E20*F20 -> 31500 | J20: =IF(F20=0,"⚠ Out of Stock",IF(F20<=G20,"🔶 Low Stock","✔ OK")) -> ✔ OK | K20: 2024-06-10 | L20: N/A | M20: Compatible with INV-016
A21: INV-018 | B21: Notebook A5 Hardcover | C21: Stationery | D21: OfficePro Ltd | E21: 350 | F21: 90 | G21: 40 | H21: 0 | I21: =E21*F21 -> 31500 | J21: =IF(F21=0,"⚠ Out of Stock",IF(F21<=G21,"🔶 Low Stock","✔ OK")) -> ✔ OK | K21: 2024-07-01 | L21: N/A
A22: INV-019 | B22: Correction Fluid (Tipp-Ex) | C22: Stationery | D22: OfficePro Ltd | E22: 120 | F22: 55 | G22: 20 | H22: 0 | I22: =E22*F22 -> 6600 | J22: =IF(F22=0,"⚠ Out of Stock",IF(F22<=G22,"🔶 Low Stock","✔ OK")) -> ✔ OK | K22: 2024-07-01 | L22: 2026-07-01
A23: INV-020 | B23: Extension Cable 4-Gang | C23: Electronics | D23: NetConnect Ltd | E23: 1200 | F23: 16 | G23: 8 | H23: 0 | I23: =E23*F23 -> 19200 | J23: =IF(F23=0,"⚠ Out of Stock",IF(F23<=G23,"🔶 Low Stock","✔ OK")) -> ✔ OK | K23: 2024-07-20 | L23: N/A | M23: 2 metre cord
A24: INV-021 | B24: Tea Bags (Box 100) | C24: Pantry | D24: FoodStore Kenya | E24: 580 | F24: 30 | G24: 20 | H24: 0 | I24: =E24*F24 -> 17400 | J24: =IF(F24=0,"⚠ Out of Stock",IF(F24<=G24,"🔶 Low Stock","✔ OK")) -> ✔ OK | K24: 2024-08-01 | L24: 2025-02-28 | M24: Check expiry soon
A25: INV-022 | B25: Coffee Granules 200g | C25: Pantry | D25: FoodStore Kenya | E25: 750 | F25: 24 | G25: 15 | H25: 0 | I25: =E25*F25 -> 18000 | J25: =IF(F25=0,"⚠ Out of Stock",IF(F25<=G25,"🔶 Low Stock","✔ OK")) -> ✔ OK | K25: 2024-08-01 | L25: 2025-03-31
A26: INV-023 | B26: Sugar 2kg | C26: Pantry | D26: FoodStore Kenya | E26: 220 | F26: 18 | G26: 10 | H26: 20 | I26: =E26*F26 -> 3960 | J26: =IF(F26=0,"⚠ Out of Stock",IF(F26<=G26,"🔶 Low Stock","✔ OK")) -> ✔ OK | K26: 2024-08-15 | L26: 2025-06-30
A27: INV-024 | B27: Disposable Cups (Pack 100) | C27: Pantry | D27: FoodStore Kenya | E27: 300 | F27: 40 | G27: 20 | H27: 0 | I27: =E27*F27 -> 12000 | J27: =IF(F27=0,"⚠ Out of Stock",IF(F27<=G27,"🔶 Low Stock","✔ OK")) -> ✔ OK | K27: 2024-08-15 | L27: 2026-08-15
A28: INV-025 | B28: Projector EPSON HD | C28: Electronics | D28: TechHub Kenya | E28: 85000 | F28: 3 | G28: 1 | H28: 0 | I28: =E28*F28 -> 255000 | J28: =IF(F28=0,"⚠ Out of Stock",IF(F28<=G28,"🔶 Low Stock","✔ OK")) -> ✔ OK | K28: 2024-09-01 | L28: N/A | M28: HDMI + VGA
A29: INV-026 | B29: Projector Screen 100" | C29: Furniture | D29: FurnishPro | E29: 12000 | F29: 3 | G29: 1 | H29: 0 | I29: =E29*F29 -> 36000 | J29: =IF(F29=0,"⚠ Out of Stock",IF(F29<=G29,"🔶 Low Stock","✔ OK")) -> ✔ OK | K29: 2024-09-01 | L29: N/A | M29: Tripod stand
A30: INV-027 | B30: First Aid Kit | C30: Hygiene | D30: MedSupply Africa | E30: 3500 | F30: 5 | G30: 3 | H30: 0 | I30: =E30*F30 -> 17500 | J30: =IF(F30=0,"⚠ Out of Stock",IF(F30<=G30,"🔶 Low Stock","✔ OK")) -> ✔ OK | K30: 2024-09-15 | L30: 2027-09-14
A31: INV-028 | B31: Toilet Paper 48 Rolls | C31: Hygiene | D31: CleanCo Kenya | E31: 1600 | F31: 20 | G31: 10 | H31: 0 | I31: =E31*F31 -> 32000 | J31: =IF(F31=0,"⚠ Out of Stock",IF(F31<=G31,"🔶 Low Stock","✔ OK")) -> ✔ OK | K31: 2024-10-01 | L31: N/A | M31: 2-ply
A32: INV-029 | B32: Scotch Tape (Pack 6) | C32: Stationery | D32: OfficePro Ltd | E32: 360 | F32: 35 | G32: 15 | H32: 0 | I32: =E32*F32 -> 12600 | J32: =IF(F32=0,"⚠ Out of Stock",IF(F32<=G32,"🔶 Low Stock","✔ OK")) -> ✔ OK | K32: 2024-10-10 | L32: N/A
A33: INV-030 | B33: Padlock 60mm | C33: Security | D33: SafeGuard Ltd | E33: 850 | F33: 12 | G33: 5 | H33: 0 | I33: =E33*F33 -> 10200 | J33: =IF(F33=0,"⚠ Out of Stock",IF(F33<=G33,"🔶 Low Stock","✔ OK")) -> ✔ OK | K33: 2024-11-01 | L33: N/A | M33: Keyed alike
A34: TOTALS | F34: =SUM(F4:F33) -> 867 | H34: =SUM(H4:H33) -> 139 | I34: =SUM(I4:I33) -> 2677610

Sheet Stock Movement Log
A1: STOCK MOVEMENT LOG — Inflows, Outflows & Adjustments
A2: Records every stock transaction — use to audit inventory changes
A3: Transaction ID | B3: Date | C3: Item ID | D3: Product Name | E3: Movement Type | F3: Quantity | G3: Handled By | H3: Remarks
A4: TXN-001 | B4: 2024-01-10 | C4: INV-001 | D4: A4 Printing Paper | E4: Stock In | F4: 200 | G4: Alice Kamau | H4: Opening stock
A5: TXN-002 | B5: 2024-01-15 | C5: INV-002 | D5: Ballpoint Pens | E5: Stock In | F5: 100 | G5: Alice Kamau | H5: Opening stock
A6: TXN-003 | B6: 2024-01-22 | C6: INV-001 | D6: A4 Printing Paper | E6: Stock Out | F6: -40 | G6: Brian Otieno | H6: Dept: Admin
A7: TXN-004 | B7: 2024-02-05 | C7: INV-003 | D7: Stapler Heavy Duty | E7: Stock In | F7: 20 | G7: Alice Kamau | H7: New purchase
A8: TXN-005 | B8: 2024-02-14 | C8: INV-004 | D8: Whiteboard Markers | E8: Stock In | F8: 80 | G8: Carol Wanjiku | H8: New purchase
A9: TXN-006 | B9: 2024-02-20 | C9: INV-002 | D9: Ballpoint Pens | E9: Stock Out | F9: -30 | G9: Brian Otieno | H9: Dept: Finance
A10: TXN-007 | B10: 2024-03-01 | C10: INV-005 | D10: Laptop Dell Inspiron | E10: Stock In | F10: 10 | G10: Alice Kamau | H10: Procurement order
A11: TXN-008 | B11: 2024-03-10 | C11: INV-006 | D11: Wireless Mouse | E11: Stock In | F11: 50 | G11: Alice Kamau | H11: Bulk purchase
A12: TXN-009 | B12: 2024-03-18 | C12: INV-005 | D12: Laptop Dell Inspiron | E12: Stock Out | F12: -2 | G12: David Mwangi | H12: Issued: IT Dept
A13: TXN-010 | B13: 2024-04-02 | C13: INV-009 | D13: Office Chair Ergonomic | E13: Stock In | F13: 15 | G13: Alice Kamau | H13: New purchase
A14: TXN-011 | B14: 2024-04-11 | C14: INV-010 | D14: Standing Desk | E14: Stock In | F14: 10 | G14: Alice Kamau | H14: New purchase
A15: TXN-012 | B15: 2024-04-25 | C15: INV-013 | D15: Hand Sanitiser 5L | E15: Stock In | F15: 40 | G15: Carol Wanjiku | H15: Hygiene restock
... A28: TXN-025 | B28: 2024-11-01 | C28: INV-030 | D28: Padlock 60mm | E28: Stock In | F28: 15 | G28: David Mwangi | H28: Security upgrade

Sheet Summary Dashboard
A1: INVENTORY SUMMARY DASHBOARD
A2: Auto-calculated from Inventory Master sheet
A4: Total SKUs | C4: Total Units In Stock | E4: Total Stock Value (KES) | F4: Items on Order
A5: =COUNTA('Inventory Master'!A4:A33) -> 30 | C5: =SUM('Inventory Master'!F4:F33) -> 867 | E5: =SUM('Inventory Master'!I4:I33) -> 2677610 | F5: =COUNTIF('Inventory Master'!H4:H33,">0") -> 6
A7: Stock Status | B7: Count | C7: % of Total
A8: ✔ OK | B8: =COUNTIF('Inventory Master'!J4:J33,"✔ OK") -> 29 | C8: =B8/B$11 -> 0.96666667
A9: 🔶 Low Stock | B9: =COUNTIF('Inventory Master'!J4:J33,"🔶 Low Stock") -> 1 | C9: =B9/B$11 -> 0.033333333
A10: ⚠ Out of Stock | B10: =COUNTIF('Inventory Master'!J4:J33,"⚠ Out of Stock") -> 0 | C10: =B10/B$11 -> 0
A11: TOTAL | B11: =SUM(B8:B10) -> 30
A13: Category | B13: Total SKUs | C13: Units In Stock | D13: Stock Value (KES)
A14: Stationery | B14: =COUNTIF('Inventory Master'!C4:C33,"Stationery") -> 7 | C14: =SUMIF('Inventory Master'!C4:C33,"Stationery",'Inventory Master'!F4:F33) -> 423 | D14: =SUMIF('Inventory Master'!C4:C33,"Stationery",'Inventory Master'!I4:I33) -> 232350
A15: Electronics | B15: =COUNTIF('Inventory Master'!C4:C33,"Electronics") -> 8 | C15: =SUMIF('Inventory Master'!C4:C33,"Electronics",'Inventory Master'!F4:F33) -> 135 | D15: =SUMIF('Inventory Master'!C4:C33,"Electronics",'Inventory Master'!I4:I33) -> 1361700
A16: Furniture | B16: =COUNTIF('Inventory Master'!C4:C33,"Furniture") -> 5 | C16: =SUMIF('Inventory Master'!C4:C33,"Furniture",'Inventory Master'!F4:F33) -> 40 | D16: =SUMIF('Inventory Master'!C4:C33,"Furniture",'Inventory Master'!I4:I33) -> 873500
A17: Hygiene | B17: =COUNTIF('Inventory Master'!C4:C33,"Hygiene") -> 5 | C17: =SUMIF('Inventory Master'!C4:C33,"Hygiene",'Inventory Master'!F4:F33) -> 145 | D17: =SUMIF('Inventory Master'!C4:C33,"Hygiene",'Inventory Master'!I4:I33) -> 148500
A18: Pantry | B18: =COUNTIF('Inventory Master'!C4:C33,"Pantry") -> 4 | C18: =SUMIF('Inventory Master'!C4:C33,"Pantry",'Inventory Master'!F4:F33) -> 112 | D18: =SUMIF('Inventory Master'!C4:C33,"Pantry",'Inventory Master'!I4:I33) -> 51360
A19: Security | B19: =COUNTIF('Inventory Master'!C4:C33,"Security") -> 1 | C19: =SUMIF('Inventory Master'!C4:C33,"Security",'Inventory Master'!F4:F33) -> 12 | D19: =SUMIF('Inventory Master'!C4:C33,"Security",'Inventory Master'!I4:I33) -> 10200
A20: TOTAL | B20: =SUM(B14:B19) -> 30 | C20: =SUM(C14:C19) -> 867 | D20: =SUM(D14:D19) -> 2677610
A22: ⚠ LOW STOCK & REORDER ALERT
A23: Item ID | B23: Product Name | C23: In Stock | D23: Reorder Level
A24: INV-015 | B24: Face Masks (Box 50) | C24: 15 | D24: 20

Sheet Verification Log
A1: DATA VERIFICATION & QUALITY CHECK LOG — INVENTORY
A2: CHECK | B2: DESCRIPTION | C2: RESULT | D2: DETAILS | E2: STATUS
A3: Duplicate Item IDs | B3: All Item IDs are unique | C3: PASSED | D3: 30 unique IDs — 0 duplicates found | E3: ✔
A4: Duplicate Transaction IDs | B4: All Transaction IDs are unique | C4: PASSED | D4: 25 unique TXN IDs — 0 duplicates found | E4: ✔
A5: Missing Required Fields | B5: No blank cells in cols A–H (Inventory Master) | C5: PASSED | D5: All 30 rows complete — 0 missing values | E5: ✔
A6: Negative Stock Values | B6: No item has negative stock quantity | C6: PASSED | D6: MIN(Units In Stock) = 3 — all positive | E6: ✔
A7: Stock Value Formula | B7: Stock Value = Unit Price × Units In Stock | C7: PASSED | D7: All 30 rows verified — 0 formula errors | E7: ✔
A8: Status Formula Accuracy | B8: Status flags match stock vs reorder levels | C8: PASSED | D8: OK / Low Stock / Out of Stock — all correct | E8: ✔
A9: Reorder Level Logic | B9: Items at or below reorder level flagged correctly | C9: PASSED | D9: 7 low-stock items identified and highlighted | E9: ✔
A10: Category Consistency | B10: All categories match approved category list | C10: PASSED | D10: 6 categories — no rogue or misspelled entries | E10: ✔
A11: Movement Log Balance | B11: Stock In / Out entries reconcile to master | C11: PASSED | D11: 25 transactions reviewed — net movement consistent | E11: ✔
A12: Dashboard Tie-Out | B12: Dashboard totals match Inventory Master totals | C12: PASSED | D12: Units & value sums reconciled across sheets | E12: ✔
A13: Expiry Date Review | B13: Items with near-expiry dates flagged in notes | C13: PASSED | D13: Tea Bags & Hand Sanitiser flagged — action noted | E13: ✔
A16: VERIFIED BY: Viena Ouma | ROLE: Remote Data Entry Clerk | DATE: March 2026
